PIK #,Hall,Room #,Key Code
336663200,LN CONFERENCE,LN-130Aa,4
336663201,LN CONFERENCE,LN-130Ab,4
336663202,LN CONFERENCE,LN-130Ba,9
336663203,LN CONFERENCE,LN-130Bb,9
336663204,LN CONFERENCE,LN-130Ca,14
336663205,LN CONFERENCE,LN-130Cb,14
336663206,LN CONFERENCE,LN-131Aa,17
336663207,LN CONFERENCE,LN-131Ab,17
336663208,LN CONFERENCE,LN-131Ba,24
336663209,LN CONFERENCE,LN-131Bb,24
336663210,LN CONFERENCE,LN-131Ca,29
336663211,LN CONFERENCE,LN-131Cb,29
336663212,LN CONFERENCE,LN-132Aa (ADA),32
336663213,LN CONFERENCE,LN-132Ab (ADA),32
336663214,LN CONFERENCE,LN-132Ba (ADA),39
336663215,LN CONFERENCE,LN-132Bb (ADA),39
336663216,LN CONFERENCE,LN-133Aa (ADA),49
336663217,LN CONFERENCE,LN-133Ab (ADA),49
336663218,LN CONFERENCE,LN-133Ba (ADA),54
336663219,LN CONFERENCE,LN-133Bb (ADA),54
336663220,LN CONFERENCE,LN-134Aa,63
336663221,LN CONFERENCE,LN-134Ab,63
336663222,LN CONFERENCE,LN-134Ba,66
336663223,LN CONFERENCE,LN-134Bb,66
336663224,LN CONFERENCE,LN-134Ca,67
336663225,LN CONFERENCE,LN-134Cb,67
336663226,LN CONFERENCE,LN-135Aa,70
336663227,LN CONFERENCE,LN-135Ab,70
336663228,LN CONFERENCE,LN-135Ba,75
336663229,LN CONFERENCE,LN-135Bb,75
336663230,LN CONFERENCE,LN-135Ca,78
336663231,LN CONFERENCE,LN-135Cb,78
336663232,LN CONFERENCE,LN-136Aa (ADA),82
336663233,LN CONFERENCE,LN-136Ab (ADA),82
336663234,LN CONFERENCE,LN-136Ba (ADA),85
336663235,LN CONFERENCE,LN-136Bb (ADA),85
336663236,LN CONFERENCE,LN-137Aa,93
336663237,LN CONFERENCE,LN-137Ab,93
336663238,LN CONFERENCE,LN-137Ba,96
336663239,LN CONFERENCE,LN-137Bb,96
336663240,LN CONFERENCE,LN-137Ca,99
336663241,LN CONFERENCE,LN-137Cb,99
336663242,LN CONFERENCE,LN-138Aa,102
336663243,LN CONFERENCE,LN-138Ab,102
336663244,LN CONFERENCE,LN-138Ba,107
336663245,LN CONFERENCE,LN-138Bb,107
336663246,LN CONFERENCE,LN-138Ca,114
336663247,LN CONFERENCE,LN-138Cb,114
336663248,LN CONFERENCE,LN-140Aa,121
336663249,LN CONFERENCE,LN-140Ab,121
336663250,LN CONFERENCE,LN-140Ba,128
336663251,LN CONFERENCE,LN-140Bb,128
336663252,LN CONFERENCE,LN-140Ca,135
336663253,LN CONFERENCE,LN-140Cb,135
336663254,LN CONFERENCE,LN-239Aa,143
336663255,LN CONFERENCE,LN-240Aa,150
336663256,LN CONFERENCE,LN-240Ab,150
336663257,LN CONFERENCE,LN-240Ba,157
336663258,LN CONFERENCE,LN-240Bb,157
336663259,LN CONFERENCE,LN-240Ca,162
336663260,LN CONFERENCE,LN-240Cb,162
336663261,LN CONFERENCE,LN-241Aa,171
336663262,LN CONFERENCE,LN-241Ab,171
336663263,LN CONFERENCE,LN-242Aa,177
336663264,LN CONFERENCE,LN-242Ab,177
336663265,LN CONFERENCE,LN-242Ba,183
336663266,LN CONFERENCE,LN-242Bb,183
336663267,LN CONFERENCE,LN-242Ca,221
336663268,LN CONFERENCE,LN-242Cb,221
336663269,LN CONFERENCE,LN-243Aa,195
336663270,LN CONFERENCE,LN-243Ab,195
336663271,LN CONFERENCE,LN-243Ba,202
336663272,LN CONFERENCE,LN-243Bb,202
336663273,LN CONFERENCE,LN-243Ca,211
336663274,LN CONFERENCE,LN-243Cb,211
336663275,LN CONFERENCE,LN-244Aa,217
336663276,LN CONFERENCE,LN-244Ab,217
336663277,LN CONFERENCE,LN-244Ba,224
336663278,LN CONFERENCE,LN-244Bb,224
336663279,LN CONFERENCE,LN-244Ca,231
336663280,LN CONFERENCE,LN-244Cb,231
336663281,LN CONFERENCE,LN-245Aa,234
336663282,LN CONFERENCE,LN-245Ab,234
336663283,LN CONFERENCE,LN-245Ba,240
336663284,LN CONFERENCE,LN-245Bb,240
336663285,LN CONFERENCE,LN-245Ca,248
336663286,LN CONFERENCE,LN-245Cb,248
336663287,LN CONFERENCE,LN-246Aa,254
336663288,LN CONFERENCE,LN-246Ab,254
336663289,LN CONFERENCE,LN-246Ba,260
336663290,LN CONFERENCE,LN-246Bb,260
336663291,LN CONFERENCE,LN-246Ca,266
336663292,LN CONFERENCE,LN-246Cb,266
336663293,LN CONFERENCE,LN-247Aa,272
336663294,LN CONFERENCE,LN-247Ab,272
336663295,LN CONFERENCE,LN-247Ba,278
336663296,LN CONFERENCE,LN-247Bb,278
336663297,LN CONFERENCE,LN-247Ca,287
336663298,LN CONFERENCE,LN-247Cb,287
336663299,LN CONFERENCE,LN-248Aa,295
336663300,LN CONFERENCE,LN-248Ab,295
336663301,LN CONFERENCE,LN-248Ba,300
336663302,LN CONFERENCE,LN-248Bb,300
336663303,LN CONFERENCE,LN-248Ca,306
336663304,LN CONFERENCE,LN-248Cb,306
336663305,LN CONFERENCE,LN-249Aa,309
336663306,LN CONFERENCE,LN-249Ab,309
336663307,LN CONFERENCE,LN-249Ba,317
336663308,LN CONFERENCE,LN-249Bb,317
336663309,LN CONFERENCE,LN-249Ca,323
336663310,LN CONFERENCE,LN-249Cb,323
336663311,LN CONFERENCE,LN-250Aa,328
336663312,LN CONFERENCE,LN-250Ab,328
336663313,LN CONFERENCE,LN-250Ba,335
336663314,LN CONFERENCE,LN-250Bb,335
336663315,LN CONFERENCE,LN-250Ca,339
336663316,LN CONFERENCE,LN-250Cb,339
336663317,LN CONFERENCE,LN-251Aa,344
336663318,LN CONFERENCE,LN-251Ab,344
336663319,LN CONFERENCE,LN-251Ba,347
336663320,LN CONFERENCE,LN-251Bb,347
336663321,LN CONFERENCE,LN-251Ca,349
336663322,LN CONFERENCE,LN-251Cb,349
336663323,LN CONFERENCE,LN-340Aa,351
336663324,LN CONFERENCE,LN-340Ab,351
336663325,LN CONFERENCE,LN-340Ba,354
336663326,LN CONFERENCE,LN-340Bb,354
336663327,LN CONFERENCE,LN-340Ca,356
336663328,LN CONFERENCE,LN-340Cb,356
336663329,LN CONFERENCE,LN-341Aa,360
336663330,LN CONFERENCE,LN-341Ab,360
336663331,LN CONFERENCE,LN-342Aa,364
336663332,LN CONFERENCE,LN-342Ab,364
336663333,LN CONFERENCE,LN-342Ba,342
336663334,LN CONFERENCE,LN-342Bb,342
336663335,LN CONFERENCE,LN-342Ca,371
336663336,LN CONFERENCE,LN-342Cb,371
336663337,LN CONFERENCE,LN-343Aa,378
336663338,LN CONFERENCE,LN-344Aa,382
336663339,LN CONFERENCE,LN-344Ab,382
336663340,LN CONFERENCE,LN-344Ba,387
336663341,LN CONFERENCE,LN-344Bb,387
336663342,LN CONFERENCE,LN-344Ca,390
336663343,LN CONFERENCE,LN-344Cb,390
336663344,LN CONFERENCE,LN-345Aa,393
336663345,LN CONFERENCE,LN-345Ab,393
336663346,LN CONFERENCE,LN-345Ba,398
336663347,LN CONFERENCE,LN-345Bb,398
336663348,LN CONFERENCE,LN-345Ca,404
336663349,LN CONFERENCE,LN-345Cb,404
336663350,LN CONFERENCE,LN-346Aa,407
336663351,LN CONFERENCE,LN-346Ab,407
336663352,LN CONFERENCE,LN-346Ba,412
336663353,LN CONFERENCE,LN-346Bb,412
336663354,LN CONFERENCE,LN-346Ca,414
336663355,LN CONFERENCE,LN-346Cb,414
336663356,LN CONFERENCE,LN-347Aa,420
336663357,LN CONFERENCE,LN-347Ab,420
336663358,LN CONFERENCE,LN-347Ba,426
336663359,LN CONFERENCE,LN-347Bb,426
336663360,LN CONFERENCE,LN-347Ca,430
336663361,LN CONFERENCE,LN-347Cb,430
336663362,LN CONFERENCE,LN-348Aa,433
336663363,LN CONFERENCE,LN-348Ab,433
336663364,LN CONFERENCE,LN-348Ba,437
336663365,LN CONFERENCE,LN-348Bb,437
336663366,LN CONFERENCE,LN-348Ca,427
336663367,LN CONFERENCE,LN-348Cb,427
336663368,LN CONFERENCE,LN-349Aa,419
336663369,LN CONFERENCE,LN-349Ab,419
336663370,LN CONFERENCE,LN-349Ba,415
336663371,LN CONFERENCE,LN-349Bb,415
336663372,LN CONFERENCE,LN-349Ca,411
336663373,LN CONFERENCE,LN-349Cb,411
336663374,LN CONFERENCE,LN-350Aa,408
336663375,LN CONFERENCE,LN-350Ab,408
336663376,LN CONFERENCE,LN-350Ba,405
336663377,LN CONFERENCE,LN-350Bb,405
336663378,LN CONFERENCE,LN-350Ca,397
336663379,LN CONFERENCE,LN-350Cb,397
336663380,LN CONFERENCE,LN-351Aa,394
336663381,LN CONFERENCE,LN-351Ab,394
336663382,LN CONFERENCE,LN-351Ba,389
336663383,LN CONFERENCE,LN-351Bb,389
336663384,LN CONFERENCE,LN-351Ca,386
336663385,LN CONFERENCE,LN-351Cb,386
336663386,LN CONFERENCE,LN-353Aa,383
336663387,LN CONFERENCE,LN-353Ab,383
336663388,LN CONFERENCE,LN-353Ba,377
336663389,LN CONFERENCE,LN-353Bb,377
336663390,LN CONFERENCE,LN-353Ca,372
336663391,LN CONFERENCE,LN-353Cb,372
336663392,LN SPARE CONFERENCE,RLN-130A,
336663393,LN SPARE CONFERENCE,RLN-130B,
336663394,LN SPARE CONFERENCE,RLN-130C,
336663395,LN SPARE CONFERENCE,RLN-130D,
336663396,LN SPARE CONFERENCE,RLN-130E,
336663397,LN SPARE CONFERENCE,RLN-130F,
336663398,LN SPARE CONFERENCE,RLN-131A,
336663399,LN SPARE CONFERENCE,RLN-131B,
336663400,LN SPARE CONFERENCE,RLN-131C,
336663401,LN SPARE CONFERENCE,RLN-131D,
336663402,LN SPARE CONFERENCE,RLN-131E,
336663403,LN SPARE CONFERENCE,RLN-131F,
336663404,LN SPARE CONFERENCE,RLN-132AA,
336663405,LN SPARE CONFERENCE,RLN-132AB,
336663406,LN SPARE CONFERENCE,RLN-132BA,
336663407,LN SPARE CONFERENCE,RLN-132BB,
336663408,LN SPARE CONFERENCE,RLN-133AA,
336663409,LN SPARE CONFERENCE,RLN-133AB,
336663410,LN SPARE CONFERENCE,RLN-133BA,
336663411,LN SPARE CONFERENCE,RLN-133BB,
336663412,LN SPARE CONFERENCE,RLN-134A,
336663413,LN SPARE CONFERENCE,RLN-134B,
336663414,LN SPARE CONFERENCE,RLN-134C,
336663415,LN SPARE CONFERENCE,RLN-134D,
336663416,LN SPARE CONFERENCE,RLN-134E,
336663417,LN SPARE CONFERENCE,RLN-134F,
336663418,LN SPARE CONFERENCE,RLN-135A,
336663419,LN SPARE CONFERENCE,RLN-135B,
336663420,LN SPARE CONFERENCE,RLN-135C,
336663421,LN SPARE CONFERENCE,RLN-135D,
336663422,LN SPARE CONFERENCE,RLN-135E,
336663423,LN SPARE CONFERENCE,RLN-135F,
336663424,LN SPARE CONFERENCE,RLN-136AA,
336663425,LN SPARE CONFERENCE,RLN-136AB,
336663426,LN SPARE CONFERENCE,RLN-136BA,
336663427,LN SPARE CONFERENCE,RLN-136BB,
336663428,LN SPARE CONFERENCE,RLN-137A,
336663429,LN SPARE CONFERENCE,RLN-137B,
336663430,LN SPARE CONFERENCE,RLN-137C,
336663431,LN SPARE CONFERENCE,RLN-137D,
336663432,LN SPARE CONFERENCE,RLN-137E,
336663433,LN SPARE CONFERENCE,RLN-137F,
336663434,LN SPARE CONFERENCE,RLN-138A,
336663435,LN SPARE CONFERENCE,RLN-138B,
336663436,LN SPARE CONFERENCE,RLN-138C,
336663437,LN SPARE CONFERENCE,RLN-138D,
336663438,LN SPARE CONFERENCE,RLN-138E,
336663439,LN SPARE CONFERENCE,RLN-138F,
336663440,LN SPARE CONFERENCE,RLN-140A,
336663441,LN SPARE CONFERENCE,RLN-140B,
336663442,LN SPARE CONFERENCE,RLN-140C,
336663443,LN SPARE CONFERENCE,RLN-140D,
336663444,LN SPARE CONFERENCE,RLN-140E,
336663445,LN SPARE CONFERENCE,RLN-140F,
336663446,LN SPARE CONFERENCE,RLN-239A,
336663447,LN SPARE CONFERENCE,RLN-240A,
336663448,LN SPARE CONFERENCE,RLN-240B,
336663449,LN SPARE CONFERENCE,RLN-240C,
336663450,LN SPARE CONFERENCE,RLN-240D,
336663451,LN SPARE CONFERENCE,RLN-240E,
336663452,LN SPARE CONFERENCE,RLN-240F,
336663453,LN SPARE CONFERENCE,RLN-241A,
336663454,LN SPARE CONFERENCE,RLN-241B,
336663455,LN SPARE CONFERENCE,RLN-242A,
336663456,LN SPARE CONFERENCE,RLN-242B,
336663457,LN SPARE CONFERENCE,RLN-242C,
336663458,LN SPARE CONFERENCE,RLN-242D,
336663459,LN SPARE CONFERENCE,RLN-242E,
336663460,LN SPARE CONFERENCE,RLN-242F,
336663461,LN SPARE CONFERENCE,RLN-243A,
336663462,LN SPARE CONFERENCE,RLN-243B,
336663463,LN SPARE CONFERENCE,RLN-243C,
336663464,LN SPARE CONFERENCE,RLN-243D,
336663465,LN SPARE CONFERENCE,RLN-243E,
336663466,LN SPARE CONFERENCE,RLN-243F,
336663467,LN SPARE CONFERENCE,RLN-244A,
336663468,LN SPARE CONFERENCE,RLN-244B,
336663469,LN SPARE CONFERENCE,RLN-244C,
336663470,LN SPARE CONFERENCE,RLN-244D,
336663471,LN SPARE CONFERENCE,RLN-244E,
336663472,LN SPARE CONFERENCE,RLN-244F,
336663473,LN SPARE CONFERENCE,RLN-245A,
336663474,LN SPARE CONFERENCE,RLN-245B,
336663475,LN SPARE CONFERENCE,RLN-245C,
336663476,LN SPARE CONFERENCE,RLN-245D,
336663477,LN SPARE CONFERENCE,RLN-245E,
336663478,LN SPARE CONFERENCE,RLN-245F,
336663479,LN SPARE CONFERENCE,RLN-246A,
336663480,LN SPARE CONFERENCE,RLN-246B,
336663481,LN SPARE CONFERENCE,RLN-246C,
336663482,LN SPARE CONFERENCE,RLN-246D,
336663483,LN SPARE CONFERENCE,RLN-246E,
336663484,LN SPARE CONFERENCE,RLN-246F,
336663485,LN SPARE CONFERENCE,RLN-247A,
336663486,LN SPARE CONFERENCE,RLN-247B,
336663487,LN SPARE CONFERENCE,RLN-247C,
336663488,LN SPARE CONFERENCE,RLN-247D,
336663489,LN SPARE CONFERENCE,RLN-247E,
336663490,LN SPARE CONFERENCE,RLN-247F,
336663491,LN SPARE CONFERENCE,RLN-248A,
336663492,LN SPARE CONFERENCE,RLN-248B,
336663493,LN SPARE CONFERENCE,RLN-248C,
336663494,LN SPARE CONFERENCE,RLN-248D,
336663495,LN SPARE CONFERENCE,RLN-248E,
336663496,LN SPARE CONFERENCE,RLN-248F,
336663497,LN SPARE CONFERENCE,RLN-249A,
336663498,LN SPARE CONFERENCE,RLN-249B,
336663499,LN SPARE CONFERENCE,RLN-249C,
336663500,LN SPARE CONFERENCE,RLN-249D,
336663501,LN SPARE CONFERENCE,RLN-249E,
336663502,LN SPARE CONFERENCE,RLN-249F,
336663503,LN SPARE CONFERENCE,RLN-250A,
336663504,LN SPARE CONFERENCE,RLN-250B,
336663505,LN SPARE CONFERENCE,RLN-250C,
336663506,LN SPARE CONFERENCE,RLN-250D,
336663507,LN SPARE CONFERENCE,RLN-250E,
336663508,LN SPARE CONFERENCE,RLN-250F,
336663509,LN SPARE CONFERENCE,RLN-251A,
336663510,LN SPARE CONFERENCE,RLN-251B,
336663511,LN SPARE CONFERENCE,RLN-251C,
336663512,LN SPARE CONFERENCE,RLN-251D,
336663513,LN SPARE CONFERENCE,RLN-251E,
336663514,LN SPARE CONFERENCE,RLN-251F,
336663515,LN SPARE CONFERENCE,RLN-340A,
336663516,LN SPARE CONFERENCE,RLN-340B,
336663517,LN SPARE CONFERENCE,RLN-340C,
336663518,LN SPARE CONFERENCE,RLN-340D,
336663519,LN SPARE CONFERENCE,RLN-340E,
336663520,LN SPARE CONFERENCE,RLN-340F,
336663521,LN SPARE CONFERENCE,RLN-341A,
336663522,LN SPARE CONFERENCE,RLN-341B,
336663523,LN SPARE CONFERENCE,RLN-342A,
336663524,LN SPARE CONFERENCE,RLN-342B,
336663525,LN SPARE CONFERENCE,RLN-342C,
336663526,LN SPARE CONFERENCE,RLN-342D,
336663527,LN SPARE CONFERENCE,RLN-342E,
336663528,LN SPARE CONFERENCE,RLN-342F,
336663529,LN SPARE CONFERENCE,RLN-343A,
336663530,LN SPARE CONFERENCE,RLN-344A,
336663531,LN SPARE CONFERENCE,RLN-344B,
336663532,LN SPARE CONFERENCE,RLN-344C,
336663533,LN SPARE CONFERENCE,RLN-344D,
336663534,LN SPARE CONFERENCE,RLN-344E,
336663535,LN SPARE CONFERENCE,RLN-344F,
336663536,LN SPARE CONFERENCE,RLN-345A,
336663537,LN SPARE CONFERENCE,RLN-345B,
336663538,LN SPARE CONFERENCE,RLN-345C,
336663539,LN SPARE CONFERENCE,RLN-345D,
336663540,LN SPARE CONFERENCE,RLN-345E,
336663541,LN SPARE CONFERENCE,RLN-345F,
336663542,LN SPARE CONFERENCE,RLN-346A,
336663543,LN SPARE CONFERENCE,RLN-346B,
336663544,LN SPARE CONFERENCE,RLN-346C,
336663545,LN SPARE CONFERENCE,RLN-346D,
336663546,LN SPARE CONFERENCE,RLN-346E,
336663547,LN SPARE CONFERENCE,RLN-346F,
336663548,LN SPARE CONFERENCE,RLN-347A,
336663549,LN SPARE CONFERENCE,RLN-347B,
336663550,LN SPARE CONFERENCE,RLN-347C,
336663551,LN SPARE CONFERENCE,RLN-347D,
336663552,LN SPARE CONFERENCE,RLN-347E,
336663553,LN SPARE CONFERENCE,RLN-347F,
336663554,LN SPARE CONFERENCE,RLN-348A,
336663555,LN SPARE CONFERENCE,RLN-348B,
336663556,LN SPARE CONFERENCE,RLN-348C,
336663557,LN SPARE CONFERENCE,RLN-348D,
336663558,LN SPARE CONFERENCE,RLN-348E,
336663559,LN SPARE CONFERENCE,RLN-348F,
336663560,LN SPARE CONFERENCE,RLN-349A,
336663561,LN SPARE CONFERENCE,RLN-349B,
336663562,LN SPARE CONFERENCE,RLN-349C,
336663563,LN SPARE CONFERENCE,RLN-349D,
336663564,LN SPARE CONFERENCE,RLN-349E,
336663565,LN SPARE CONFERENCE,RLN-349F,
336663566,LN SPARE CONFERENCE,RLN-350A,
336663567,LN SPARE CONFERENCE,RLN-350B,
336663568,LN SPARE CONFERENCE,RLN-350C,
336663569,LN SPARE CONFERENCE,RLN-350D,
336663570,LN SPARE CONFERENCE,RLN-350E,
336663571,LN SPARE CONFERENCE,RLN-350F,
336663572,LN SPARE CONFERENCE,RLN-351A,
336663573,LN SPARE CONFERENCE,RLN-351B,
336663574,LN SPARE CONFERENCE,RLN-351C,
336663575,LN SPARE CONFERENCE,RLN-351D,
336663576,LN SPARE CONFERENCE,RLN-351E,
336663577,LN SPARE CONFERENCE,RLN-351F,
336663578,LN SPARE CONFERENCE,RLN-353A,
336663579,LN SPARE CONFERENCE,RLN-353B,
336663580,LN SPARE CONFERENCE,RLN-353C,
336663581,LN SPARE CONFERENCE,RLN-353D,
336663582,LN SPARE CONFERENCE,RLN-353E,
336663583,LN SPARE CONFERENCE,RLN-353F,
336663584,LS CONFERENCE,RLS-102a,5
336663585,LS CONFERENCE,RLS-102b,5
336663586,LS CONFERENCE,RLS-103a,10
336663587,LS CONFERENCE,RLS-103b,10
336663588,LS CONFERENCE,RLS-104a,15
336663589,LS CONFERENCE,RLS-104b,15
336663590,LS CONFERENCE,RLS-105a,16
336663591,LS CONFERENCE,RLS-105b,16
336663592,LS CONFERENCE,RLS-106a,25
336663593,LS CONFERENCE,RLS-106b,25
336663594,LS CONFERENCE,RLS-107a,30
336663595,LS CONFERENCE,RLS-107b,30
336663596,LS CONFERENCE,RLS-108a,31
336663597,LS CONFERENCE,RLS-108b,31
336663598,LS CONFERENCE,RLS-109aR,40
336663599,LS CONFERENCE,RLS-110a,41
336663600,LS CONFERENCE,RLS-110b,41
336663601,LS CONFERENCE,RLS-111a,50
336663602,LS CONFERENCE,RLS-111b,50
336663603,LS CONFERENCE,RLS-118a,55
336663604,LS CONFERENCE,RLS-118b,55
336663605,LS CONFERENCE,RLS-119a,56
336663606,LS CONFERENCE,RLS-119b,56
336663607,LS CONFERENCE,RLS-120a,79
336663608,LS CONFERENCE,RLS-120b,79
336663609,LS CONFERENCE,RLS-121a,83
336663610,LS CONFERENCE,RLS-121b,83
336663611,LS CONFERENCE,RLS-122a,84
336663612,LS CONFERENCE,RLS-122b,84
336663613,LS CONFERENCE,RLS-123a,90
336663614,LS CONFERENCE,RLS-123b,90
336663615,LS CONFERENCE,RLS-124a,94
336663616,LS CONFERENCE,RLS-124b,94
336663617,LS CONFERENCE,RLS-125a,95
336663618,LS CONFERENCE,RLS-125b,95
336663619,LS CONFERENCE,RLS-126a,100
336663620,LS CONFERENCE,RLS-126b,100
336663621,LS CONFERENCE,RLS-127a,101
336663622,LS CONFERENCE,RLS-127b,101
336663623,LS CONFERENCE,RLS-202a,115
336663624,LS CONFERENCE,RLS-202b,115
336663625,LS CONFERENCE,RLS-203a,120
336663626,LS CONFERENCE,RLS-203b,120
336663627,LS CONFERENCE,RLS-204a,129
336663628,LS CONFERENCE,RLS-204b,129
336663629,LS CONFERENCE,RLS-205a,136
336663630,LS CONFERENCE,RLS-205b,136
336663631,LS CONFERENCE,RLS-206a,142
336663632,LS CONFERENCE,RLS-206b,142
336663633,LS CONFERENCE,RLS-207a,149
336663634,LS CONFERENCE,RLS-207b,149
336663635,LS CONFERENCE,RLS-208aR,158
336663636,LS CONFERENCE,RLS-209aS,441
336663637,LS CONFERENCE,RLS-211a,161
336663638,LS CONFERENCE,RLS-211b,161
336663639,LS CONFERENCE,RLS-212a,170
336663640,LS CONFERENCE,RLS-212b,170
336663641,LS CONFERENCE,RLS-213a,178
336663642,LS CONFERENCE,RLS-213b,178
336663643,LS CONFERENCE,RLS-214a,184
336663644,LS CONFERENCE,RLS-214b,184
336663645,LS CONFERENCE,RLS-215a,191
336663646,LS CONFERENCE,RLS-215b,191
336663647,LS CONFERENCE,RLS-216a,194
336663648,LS CONFERENCE,RLS-216b,194
336663649,LS CONFERENCE,RLS-218a,201
336663650,LS CONFERENCE,RLS-218b,201
336663651,LS CONFERENCE,RLS-219a,210
336663652,LS CONFERENCE,RLS-219b,210
336663653,LS CONFERENCE,RLS-220a,216
336663654,LS CONFERENCE,RLS-220b,216
336663655,LS CONFERENCE,RLS-221a,223
336663656,LS CONFERENCE,RLS-221b,223
336663657,LS CONFERENCE,RLS-222a,230
336663658,LS CONFERENCE,RLS-222b,230
336663659,LS CONFERENCE,RLS-223a,239
336663660,LS CONFERENCE,RLS-223b,239
336663661,LS CONFERENCE,RLS-224a,247
336663662,LS CONFERENCE,RLS-224b,247
336663663,LS CONFERENCE,RLS-225a,255
336663664,LS CONFERENCE,RLS-225b,255
336663665,LS CONFERENCE,RLS-226a,261
336663666,LS CONFERENCE,RLS-226b,261
336663667,LS CONFERENCE,RLS-227a,267
336663668,LS CONFERENCE,RLS-227b,267
336663669,LS CONFERENCE,RLS-228a,273
336663670,LS CONFERENCE,RLS-228b,273
336663671,LS CONFERENCE,RLS-229a,277
336663672,LS CONFERENCE,RLS-229b,277
336663673,LS CONFERENCE,RLS-230a,285
336663674,LS CONFERENCE,RLS-230b,285
336663675,LS CONFERENCE,RLS-231a,286
336663676,LS CONFERENCE,RLS-231b,286
336663677,LS CONFERENCE,RLS-302a,296
336663678,LS CONFERENCE,RLS-302b,296
336663679,LS CONFERENCE,RLS-303a,303
336663680,LS CONFERENCE,RLS-303b,303
336663681,LS CONFERENCE,RLS-304a,307
336663682,LS CONFERENCE,RLS-304b,307
336663683,LS CONFERENCE,RLS-305a,310
336663684,LS CONFERENCE,RLS-305b,310
336663685,LS CONFERENCE,RLS-306a,318
336663686,LS CONFERENCE,RLS-306b,318
336663687,LS CONFERENCE,RLS-307a,324
336663688,LS CONFERENCE,RLS-307b,324
336663689,LS CONFERENCE,RLS-308aR,327
336663690,LS CONFERENCE,RLS-309aS,309
336663691,LS CONFERENCE,RLS-311a,336
336663692,LS CONFERENCE,RLS-311b,336
336663693,LS CONFERENCE,RLS-312a,340
336663694,LS CONFERENCE,RLS-312b,340
336663695,LS CONFERENCE,RLS-313a,343
336663696,LS CONFERENCE,RLS-313b,343
336663697,LS CONFERENCE,RLS-314a,346
336663698,LS CONFERENCE,RLS-314b,346
336663699,LS CONFERENCE,RLS-315a,350
336663700,LS CONFERENCE,RLS-315b,350
336663701,LS CONFERENCE,RLS-316a,355
336663702,LS CONFERENCE,RLS-316b,355
336663703,LS CONFERENCE,RLS-318a,359
336663704,LS CONFERENCE,RLS-318b,359
336663705,LS CONFERENCE,RLS-319a,363
336663706,LS CONFERENCE,RLS-319b,363
336663707,LS CONFERENCE,RLS-320a,367
336663708,LS CONFERENCE,RLS-320b,367
336663709,LS CONFERENCE,RLS-321a,373
336663710,LS CONFERENCE,RLS-321b,373
336663711,LS CONFERENCE,RLS-322a,380
336663712,LS CONFERENCE,RLS-322b,380
336663713,LS CONFERENCE,RLS-323a,399
336663714,LS CONFERENCE,RLS-323b,399
336663715,LS CONFERENCE,RLS-324a,409
336663716,LS CONFERENCE,RLS-324b,409
336663717,LS CONFERENCE,RLS-325a,46
336663718,LS CONFERENCE,RLS-325b,46
336663719,LS CONFERENCE,RLS-326a,421
336663720,LS CONFERENCE,RLS-326b,421
336663721,LS CONFERENCE,RLS-327a,425
336663722,LS CONFERENCE,RLS-327b,425
336663723,LS CONFERENCE,RLS-328a,431
336663724,LS CONFERENCE,RLS-328b,431
336663725,LS CONFERENCE,RLS-329a,434
336663726,LS CONFERENCE,RLS-329b,434
336663727,LS CONFERENCE,RLS-330a,436
336663728,LS CONFERENCE,RLS-330b,436
336663729,LS CONFERENCE,RLS-331a,439
336663730,LS CONFERENCE,RLS-331b,439
336663731,LS SPARE CONFERENCE,RLS-102a,
336663732,LS SPARE CONFERENCE,RLS-102b,
336663733,LS SPARE CONFERENCE,RLS-103a,
336663734,LS SPARE CONFERENCE,RLS-103b,
336663735,LS SPARE CONFERENCE,RLS-104a,
336663736,LS SPARE CONFERENCE,RLS-104b,
336663737,LS SPARE CONFERENCE,RLS-105a,
336663738,LS SPARE CONFERENCE,RLS-105b,
336663739,LS SPARE CONFERENCE,RLS-106a,
336663740,LS SPARE CONFERENCE,RLS-106b,
336663741,LS SPARE CONFERENCE,RLS-107a,
336663742,LS SPARE CONFERENCE,RLS-107b,
336663743,LS SPARE CONFERENCE,RLS-108a,
336663744,LS SPARE CONFERENCE,RLS-108b,
336663745,LS SPARE CONFERENCE,RLS-109aR,
336663746,LS SPARE CONFERENCE,RLS-110a,
336663747,LS SPARE CONFERENCE,RLS-110b,
336663748,LS SPARE CONFERENCE,RLS-111a,
336663749,LS SPARE CONFERENCE,RLS-111b,
336663750,LS SPARE CONFERENCE,RLS-118a,
336663751,LS SPARE CONFERENCE,RLS-118b,
336663752,LS SPARE CONFERENCE,RLS-119a,
336663753,LS SPARE CONFERENCE,RLS-119b,
336663754,LS SPARE CONFERENCE,RLS-120a,
336663755,LS SPARE CONFERENCE,RLS-120b,
336663756,LS SPARE CONFERENCE,RLS-121a,
336663757,LS SPARE CONFERENCE,RLS-121b,
336663758,LS SPARE CONFERENCE,RLS-122a,
336663759,LS SPARE CONFERENCE,RLS-122b,
336663760,LS SPARE CONFERENCE,RLS-123a,
336663761,LS SPARE CONFERENCE,RLS-123b,
336663762,LS SPARE CONFERENCE,RLS-124a,
336663763,LS SPARE CONFERENCE,RLS-124b,
336663764,LS SPARE CONFERENCE,RLS-125a,
336663765,LS SPARE CONFERENCE,RLS-125b,
336663766,LS SPARE CONFERENCE,RLS-126a,
336663767,LS SPARE CONFERENCE,RLS-126b,
336663768,LS SPARE CONFERENCE,RLS-127a,
336663769,LS SPARE CONFERENCE,RLS-127b,
336663770,LS SPARE CONFERENCE,RLS-202a,
336663771,LS SPARE CONFERENCE,RLS-202b,
336663772,LS SPARE CONFERENCE,RLS-203a,
336663773,LS SPARE CONFERENCE,RLS-203b,
336663774,LS SPARE CONFERENCE,RLS-204a,
336663775,LS SPARE CONFERENCE,RLS-204b,
336663776,LS SPARE CONFERENCE,RLS-205a,
336663777,LS SPARE CONFERENCE,RLS-205b,
336663778,LS SPARE CONFERENCE,RLS-206a,
336663779,LS SPARE CONFERENCE,RLS-206b,
336663780,LS SPARE CONFERENCE,RLS-207a,
336663781,LS SPARE CONFERENCE,RLS-207b,
336663782,LS SPARE CONFERENCE,RLS-208aR,
336663783,LS SPARE CONFERENCE,RLS-209aS,
336663784,LS SPARE CONFERENCE,RLS-211a,
336663785,LS SPARE CONFERENCE,RLS-211b,
336663786,LS SPARE CONFERENCE,RLS-212a,
336663787,LS SPARE CONFERENCE,RLS-212b,
336663788,LS SPARE CONFERENCE,RLS-213a,
336663789,LS SPARE CONFERENCE,RLS-213b,
336663790,LS SPARE CONFERENCE,RLS-214a,
336663791,LS SPARE CONFERENCE,RLS-214b,
336663792,LS SPARE CONFERENCE,RLS-215a,
336663793,LS SPARE CONFERENCE,RLS-215b,
336663794,LS SPARE CONFERENCE,RLS-216a,
336663795,LS SPARE CONFERENCE,RLS-216b,
336663796,LS SPARE CONFERENCE,RLS-218a,
336663797,LS SPARE CONFERENCE,RLS-218b,
336663798,LS SPARE CONFERENCE,RLS-219a,
336663799,LS SPARE CONFERENCE,RLS-219b,
336663800,LS SPARE CONFERENCE,RLS-220a,
336663801,LS SPARE CONFERENCE,RLS-220b,
336663802,LS SPARE CONFERENCE,RLS-221a,
336663803,LS SPARE CONFERENCE,RLS-221b,
336663804,LS SPARE CONFERENCE,RLS-222a,
336663805,LS SPARE CONFERENCE,RLS-222b,
336663806,LS SPARE CONFERENCE,RLS-223a,
336663807,LS SPARE CONFERENCE,RLS-223b,
336663808,LS SPARE CONFERENCE,RLS-224a,
336663809,LS SPARE CONFERENCE,RLS-224b,
336663810,LS SPARE CONFERENCE,RLS-225a,
336663811,LS SPARE CONFERENCE,RLS-225b,
336663812,LS SPARE CONFERENCE,RLS-226a,
336663813,LS SPARE CONFERENCE,RLS-226b,
336663814,LS SPARE CONFERENCE,RLS-227a,
336663815,LS SPARE CONFERENCE,RLS-227b,
336663816,LS SPARE CONFERENCE,RLS-228a,
336663817,LS SPARE CONFERENCE,RLS-228b,
336663818,LS SPARE CONFERENCE,RLS-229a,
336663819,LS SPARE CONFERENCE,RLS-229b,
336663820,LS SPARE CONFERENCE,RLS-230a,
336663821,LS SPARE CONFERENCE,RLS-230b,
336663822,LS SPARE CONFERENCE,RLS-231a,
336663823,LS SPARE CONFERENCE,RLS-231b,
336663824,LS SPARE CONFERENCE,RLS-302a,
336663825,LS SPARE CONFERENCE,RLS-302b,
336663826,LS SPARE CONFERENCE,RLS-303a,
336663827,LS SPARE CONFERENCE,RLS-303b,
336663828,LS SPARE CONFERENCE,RLS-304a,
336663829,LS SPARE CONFERENCE,RLS-304b,
336663830,LS SPARE CONFERENCE,RLS-305a,
336663831,LS SPARE CONFERENCE,RLS-305b,
336663832,LS SPARE CONFERENCE,RLS-306a,
336663833,LS SPARE CONFERENCE,RLS-306b,
336663834,LS SPARE CONFERENCE,RLS-307a,
336663835,LS SPARE CONFERENCE,RLS-307b,
336663836,LS SPARE CONFERENCE,RLS-308aR,
336663837,LS SPARE CONFERENCE,RLS-309aS,
336663838,LS SPARE CONFERENCE,RLS-311a,
336663839,LS SPARE CONFERENCE,RLS-311b,
336663840,LS SPARE CONFERENCE,RLS-312a,
336663841,LS SPARE CONFERENCE,RLS-312b,
336663842,LS SPARE CONFERENCE,RLS-313a,
336663843,LS SPARE CONFERENCE,RLS-313b,
336663844,LS SPARE CONFERENCE,RLS-314a,
336663845,LS SPARE CONFERENCE,RLS-314b,
336663846,LS SPARE CONFERENCE,RLS-315a,
336663847,LS SPARE CONFERENCE,RLS-315b,
336663848,LS SPARE CONFERENCE,RLS-316a,
336663849,LS SPARE CONFERENCE,RLS-316b,
336663850,LS SPARE CONFERENCE,RLS-318a,
336663851,LS SPARE CONFERENCE,RLS-318b,
336663852,LS SPARE CONFERENCE,RLS-319a,
336663853,LS SPARE CONFERENCE,RLS-319b,
336663854,LS SPARE CONFERENCE,RLS-320a,
336663855,LS SPARE CONFERENCE,RLS-320b,
336663856,LS SPARE CONFERENCE,RLS-321a,
336663857,LS SPARE CONFERENCE,RLS-321b,
336663858,LS SPARE CONFERENCE,RLS-322a,
336663859,LS SPARE CONFERENCE,RLS-322b,
336663860,LS SPARE CONFERENCE,RLS-323a,
336663861,LS SPARE CONFERENCE,RLS-323b,
336663862,LS SPARE CONFERENCE,RLS-324a,
336663863,LS SPARE CONFERENCE,RLS-324b,
336663864,LS SPARE CONFERENCE,RLS-325a,
336663865,LS SPARE CONFERENCE,RLS-325b,
336663866,LS SPARE CONFERENCE,RLS-326a,
336663867,LS SPARE CONFERENCE,RLS-326b,
336663868,LS SPARE CONFERENCE,RLS-327a,
336663869,LS SPARE CONFERENCE,RLS-327b,
336663870,LS SPARE CONFERENCE,RLS-328a,
336663871,LS SPARE CONFERENCE,RLS-328b,
336663872,LS SPARE CONFERENCE,RLS-329a,
336663873,LS SPARE CONFERENCE,RLS-329b,
336663874,LS SPARE CONFERENCE,RLS-330a,
336663875,LS SPARE CONFERENCE,RLS-330b,
336663876,LS SPARE CONFERENCE,RLS-331a,
336663877,LS SPARE CONFERENCE,RLS-331b,
,,,
,,,
,,,
,,,
,,,
,,,
,,,
,,,
,,,
,,,
,,,
,,,
,,,
,,,
,,,
,,,
,,,
,,,
,,,
,,,
,,,
,,,
,,,
,,,
,,,
,,,
,,,
,,,
,,,
,,,
,,,
,,,
,,,
,,,
,,,
,,,
,,,
,,,
,,,
,,,
,,,
,,,
,,,
,,,
,,,
,,,
,,,
,,,
,,,
,,,
,,,
,,,
,,,
,,,
,,,
,,,
,,,
,,,
,,,
,,,
,,,
,,,
,,,
,,,
,,,
,,,
,,,
,,,
,,,
,,,
,,,
,,,
,,,
,,,
,,,
,,,
,,,
,,,
,,,
,,,
,,,
,,,
,,,
,,,
,,,
,,,
,,,
,,,
,,,
,,,
,,,
,,,
,,,
,,,
,,,
,,,
,,,
,,,
,,,
,,,
,,,
,,,
,,,
,,,
,,,
,,,
,,,
,,,
,,,
,,,
,,,
,,,
,,,
,,,
,,,
,,,
,,,
,,,
,,,
,,,
,,,
,,,
,,,
,,,
,,,
,,,
,,,
,,,
,,,
,,,
,,,
,,,
,,,
,,,
,,,
,,,
,,,
,,,
,,,
,,,
,,,
,,,
,,,
,,,
,,,
,,,
,,,
,,,
,,,
,,,
,,,
,,,
,,,
,,,
,,,
,,,
,,,
,,,
,,,
,,,
,,,
,,,
,,,
,,,
,,,
,,,
,,,
,,,
,,,
,,,
,,,
,,,
,,,
,,,
,,,
,,,
,,,
,,,
,,,
,,,
,,,
,,,
,,,
,,,
,,,
,,,
,,,
,,,
,,,
,,,
,,,
,,,
,,,
,,,
,,,
,,,
,,,
,,,
,,,
,,,
,,,
,,,
,,,
,,,
,,,
,,,
,,,
,,,
,,,
,,,
,,,
,,,
,,,
,,,
,,,
,,,
,,,
,,,
,,,
,,,
,,,
,,,
,,,
,,,
,,,
,,,
,,,
,,,
,,,
,,,
,,,
,,,
,,,
,,,
,,,
,,,
,,,
,,,
,,,
,,,
,,,
,,,
,,,
,,,
,,,
,,,
,,,
,,,
,,,
,,,
,,,
,,,
,,,
,,,
,,,
,,,
,,,
,,,
,,,
,,,
,,,
,,,
,,,
,,,
,,,
,,,
,,,
,,,
,,,
,,,
,,,
,,,
,,,
,,,
,,,
,,,
,,,
,,,
,,,
,,,
,,,
,,,
,,,
,,,
,,,
,,,
,,,
,,,
,,,
,,,
,,,
,,,
,,,
,,,
,,,
,,,
,,,
,,,
,,,
,,,
,,,
,,,
,,,
,,,
,,,
,,,
,,,
,,,
,,,
,,,
,,,
,,,
,,,
,,,
,,,
,,,
,,,
,,,
,,,
,,,
,,,
